openwebdoc_1	Tatʼyana Poloskova Upornyye deklarativnyye zayavleniya MID Rossii i inyx okolo gosudarstvennyx struktur, zasvetivshixsya na «sootechestvennoy» nive, ob «uspexax» realizatsii rossiyskoy politiki v otnoshenii sootechestvennikov za rubejom i ob «effektivnosti» potrachennyx na razvitiye etoy deyatelʼnosti gossredstv yavlyayutsya, na segodnyashniy denʼ, ne boleye chem informatsionnym fonom. Lixoradochnoy popytkoy sdelatʼ «xoroshuyu minu pri ploxoy igre», daby otstoyatʼ chestʼ mundira pered gryadushchimi, yavno neminuyemymi, ofitsialʼnymi razborkami. Proval poslednego Vsemirnogo kongressa sootechestvennikov, gde ne xvatalo ne tolʼko svejix idey, no i svejey yedy, treboval na samom dele ne umilʼnyx statey v SMI i otkrovennogo pafosnogo vranʼya o yego «triumfalʼnyx» itogax, a serʼeznogo razbiratelʼstva. Potomu chto takaya naplevatelʼskaya, vysokomernaya politika nashix «gosudarstvennyx mujey» v otnoshenii rossiyskoy diaspory vyzyvayet vozmushcheniye daje u t.n. "professionalʼnyx sootechestvennikov". Ne govorya uje ob ekspertnom soobshchestve Rossii. Seychas modno govoritʼ o «riskax» raboty s sootechestvennikami. Gospoda, pomiluyte, temu riskov my davno «proyexali». Rechʼ idet ne o riskax, a ob urone, o realʼnom ushcherbe natsionalʼnym interesam Rossii i yeyo bezopasnosti, kotoryy nanesla neprodumannaya politika v otnoshenii sootechestvennikov za rubejom. I v koridorax rossiyskoy vlasti, poxoje, nakonets-to, nachalisʼ protsessy pereosmysleniya posledstviy etoy politiki. Prichem, delo ne tolʼko v yavnyx korruptsionnyx sxemax, ot kotoryx uporno otkreshchivayutsya v rossiyskix posolʼstvax i v profilʼnom departamente MID Rossii. Vprochem, pochemu otkreshchivayutsya vpolne ponyatno. Ni odin rossiyskiy posol, yesli tolʼko eto ne persona, ravnaya pokoynomu Viktoru Chernomyrdinu, bez soglasovaniya s Tsentrom ne budet peretasovyvatʼ statʼi byudjeta. Inymi slovami, ne budet tratitʼ denʼgi, vydelennyye na sootechestvennikov, na drugiye tseli deyatelʼnosti posolʼstva: na priyem delegatsiy, na predstavitelʼskiye rasxody i t.p. Kak eto proisxodit v realʼnosti sploshʼ i ryadom.I ne nado bytʼ krupnym finansistom, chtoby ponyatʼ, chto statʼya na rabotu s sootechestvennikami IZNAChALʼNO byla vosprinyata v MIDe RF kak vozmojnostʼ «podkormitʼ» posolʼstva, zalatatʼ ix byudjetnyye dyry. Teperʼ uje ochevidno, chto nikto i ne planiroval tratitʼ «takiye bolʼshiye denʼgi» na «neponyatnyx sootechestvennikov» (tsitiruyu odnogo rossiyskogo posla, otnyudʼ ne glupogo i daleko ne poslednego v vedomstve). Otsyuda vpolne yasny postoyannyye setovaniya posolʼstv na otsutstviye sredstv. V sovetskoye vremya, kogda diplomaty, vklyuchaya poslov, kakimi by «polnomochnymi i chrezvychaynymi» oni ne byli, naxodilisʼ pod postoyannym prismotrom kompetentnyx organov bratʼ vzyatki, nyuxatʼ koku, vesti razgulʼnyy obraz jizni na gossredstva - nikomu by i v golovu ne prishlo. A yesli prixodilo, to posledstviya byli samyye pechalʼnyye. Seychas eto proisxodit sploshʼ i ryadom, signaly v profilʼnyye departamenty i v posolʼstva postupayut regulyarno, a reaktsiya nulevaya. I nazyvayetsya etot bespredel - «midovskiy korporativizm». V to je vremya, ne tak uj i ne obosnovany mneniya rossiyskix diplomatov, kotorymi oni aktivno obmenivayutsya v kuluarax Smolenki: a na kogo tratitʼ eti byudjetnyye sredstva? Kto zasel v Koordinatsionnyx sovetax? Chto voobshche mogut eti lyudi realʼno delatʼ? I chem ili kem vyzvana ix nepomernaya sootechestvennaya aktivnostʼ? I tut imeyet smysl vernutʼsya v konets 1990-x – nachalo 2000-x. Kak tolʼko v Rossii zagovorili o pridanii politike v otnoshenii sootechestvennikov gosudarstvennogo statusa, o peredache etix funktsiy MIDu i posolʼstvam, otkuda ne vozʼmisʼ, poyavilasʼ tselaya pleyada lichnostey na sootechestvennoy ploshchadke, o kotoryx ranʼshe nikto i ne slyxival. Kak v blijnem, tak i v dalʼnem zarubejʼe. I vskore imenno oni vozglavili Koordinatsionnyye sovety sootechestvennikov pri posolʼstvax, zaseli v prezidiumax na «vselenskix» konferentsiyax sootechestvennikov, i prakticheski vozglavili protsess.Nado otmetitʼ, chto v tot period posolʼstva yeshche prislushivalisʼ k mneniyu rossiyskix kompetentnyx organov, kotoryye sovetovali: vot etot deyatelʼ iz Estonii davno rabotayet s mestnoy bezopasnostʼyu, etot aktivnyy gospodin iz Moldavii – ustanovlennyy sotrudnik mestnoy «kontory», vot etot ukrainskiy aktivist ne vylezayet iz SBU. I odno vremya k etim rekomendatsiyam prislushivalisʼ – a potom... to li takix «dvustvolok» stalo mnogo, to li finansovyye interesy vzyali svoye, to li yeshche kakiye soobrajeniya…I v rezulʼtate, my poluchili to, chto poluchili. Primerov polno. No privedu dva, osobenno smeshnyx. Kogda «sootechestvennyy lider» iz SNG v prisutstvii moskovskix kolleg otkrovenno zayavlyayet, chto seychas pozvonit v mestnuyu «kontoru» i tam skajut, kogo luchshe pozvatʼ na forum i na peregovory o sotrudnichestve. Ili kogda rukovoditelʼ odnogo iz Koordinatsionnyx sovetov sootechestvennikov iz simpatichnoy dalekoy strany priglashayet na vstrechu soratnitsu po obshchestvennoy deyatelʼnosti i predlagayet napisatʼ… raspisku o soglasii rabotatʼ na mestnuyu kontrrazvedku, kotoruyu on de i predstavlyayet! Vprochem, ne nado dumatʼ, chto nikto v Rossii iz serʼeznyx lyudey ob etix realiyax i ne dogadyvalsya. Prosto dolgoye vremya delali skidku na to, chto, «da, chelovek jivyot v zarubejnom gosudarstve, on yego grajdanin i ne mojet ne igratʼ po tem pravilam igry, kotoryye yemu tam predlagayut, pereigrayem i t.p.». No, poxoje, chto kriticheskaya massa, kak vyrazilsya estonskiy jurnalist Ilʼya Nikiforov, «shtirlitsev i penʼkovskix v odnom flakone» uje podoshla k kriticheskoy cherte i daleye terpetʼ takoy bardak ne dopustimo. A vot kak vyyti iz etoy situatsii, soxraniv litso strany – bolʼshoy vopros.…I imenno ob etom seychas i dumayut v «koridorax rossiyskoy vlasti» te, komu ne bezrazlichna sudʼba strany i sudʼba rossiyskoy diaspory. Moye mneniye: tolʼko xirurgicheskim putem. Inache rakovaya opuxolʼ stanet voobshche ne operabelʼnoy i pogubit vesʼ organizm. Tatʼyana Viktorovna Poloskova - ispolnitelʼnyy sekretarʼ Mejdunarodnogo dvijeniya «Internatsionalʼnaya Rossiya», doktor politicheskix nauk, 
openwebdoc_2	Tatʼyana Poloskova KOORDINATsIONNYyE SOVETY "ROSSIYSKIX SOOTEChESTVENNIKOV" - ANALOG KONTORY "ROGA I KOPYTA" Posol Rossii v Belorussii Aleksandr Surikov vo vremya sostoyavsheysya 19 dekabrya press-konferentsii zayavil, chto gosudarstvennyye struktury po podderjke rossiyskix sootechestvennikov dobilisʼ znachitelʼnogo uspexa. Surikov takje zayavil, chto IA REGNUM nepravilʼno osveshchayet i daje «politiziruyet» situatsiyu, slojivshuyusya vokrug organizatsiy rossiyskix sootechestvennikov v Belorussii. Svoyo mneniye po dannomu voprosu v intervʼyu vyskazala doktor politicheskix nauk, ispolnitelʼnyy sekretarʼ Mejdunarodnogo dvijeniya «Internatsionalʼnaya Rossiya» Tatʼyana Poloskova.
openwebdoc_3	Tatʼyana Poloskova KOORDINATsIONNYyE SOVETY "ROSSIYSKIX SOOTEChESTVENNIKOV" - ANALOG KONTORY "ROGA I KOPYTA" Posol Rossii v Belorussii Aleksandr Surikov vo vremya sostoyavsheysya 19 dekabrya press-konferentsii zayavil, chto gosudarstvennyye struktury po podderjke rossiyskix sootechestvennikov dobilisʼ znachitelʼnogo uspexa. Surikov takje zayavil, chto IA REGNUM nepravilʼno osveshchayet i daje «politiziruyet» situatsiyu, slojivshuyusya vokrug organizatsiy rossiyskix sootechestvennikov v Belorussii. Svoyo mneniye po dannomu voprosu v intervʼyu vyskazala doktor politicheskix nauk, ispolnitelʼnyy sekretarʼ Mejdunarodnogo dvijeniya «Internatsionalʼnaya Rossiya» Tatʼyana Poloskova.
openwebdoc_4	Tatʼyana Poloskova TATʼYaNA POLOSKOVA: PARTIYa YaNUKOVIChA BOLʼShE NE SMOJET "RAZVODITʼ LOXOV" NA DRUJBE S ROSSIyEY Ukrainskiye eksperty i predstaviteli obshchestvennyx organizatsiy, s kotorymi ya besedovala v xode nedavney poyezdki po gorodam Vostochnoy Ukrainy, gde prinimala uchastiye v serii nauchnyx i informatsionnyx meropriyatiy, otmechali, chto "sverxu" uje davno spushcheny ukazaniya, skolʼko protsentov Partiya regionov doljna poluchitʼ na mestax. I, skoreye vsego, imenno eti rezulʼtaty i budut ozvucheny. Nezavisimo ot togo, kakoy protsent realʼno naberet Partiya regionov. Te rezulʼtaty, kotoryye pozvolyat kandidatam ot Partii regionov derjatʼ v Verxovnoy Rade "kontrolʼnyy paket aktsiy" i prodoljatʼ provoditʼ politiku v interesax uzkoy gruppy lits, kotoryx narod Ukrainy laskovo imenuyet "gopniki"
openwebdoc_5	Tatʼyana Poloskova NA UKRAINE PRODOLJAyETSYa MONITORING DEYaTELʼNOSTI NPO yEVRAZIYSKOY NAPRAVLENNOSTI V gorodax Yugo-Vostoka Ukrainy, v ramkax monitoringa deyatelʼnosti nepravitelʼstvennyx organizatsiy yevraziyskoy napravlennosti,prodoljayetsya seriya ekspertnyx i informatsionnyx aktsiy, organizovannyx rossiyskimi i ukrainskimi uchastnikami Mejdunarodnogo dvijeniya «Internatsionalʼnaya Rossiya».31 iyulya Ispolnitelʼnyy sekretarʼ Mejdunarodnogo dvijeniya «Internatsionalʼnaya Rossiya», doktor politicheskix nauk Tatʼyana Poloskova (Moskva); uchastniki dvijeniya «Donbass za yEvraziyskiy Soyuz», sopredsedatelʼ dvijeniya «Donetskaya Respublika» Andrey Purgin (Donetsk), rukovoditelʼ proyekta «Russkiy mir. Ukraina» A. G. Aleksandrov (Kiyev) i glavnyy redaktor sayta «Russkiy mir. Ukraina» A. A. Aleksandrov (Kiyev) proveli vstrechi s nepravitelʼstvennymi organizatsiyami g.Xarʼkova.
openwebdoc_6	Tatʼyana Poloskova DONETsKE PROShYoL FORUM "REGIONALʼNAYa REINTEGRATsIYa KAK STARTOVAYa PLOShchADKA yEVRAZIYSKOGO OBʼEDINENIYa" Mejdunarodnyy forum "Regionalʼnaya reintegratsiya kak startovaya ploshchadka yevraziyskogo obʼedineniya" proshel 28 iyulya v Donetske. Organizatorami meropriyatiya vystupili Dvijeniye "Donbass za yEvraziyskiy Soyuz", Obshchestvennaya organizatsiya "Donetskaya Respublika" i Mejdunarodnoye dvijeniye "Internatsionalʼnaya Rossiya". V diskussii prinyali uchastiye uchenyye i eksperty iz Moskvy, Rostova-na-Donu, Belgoroda, Kiyeva, Donetska, Luganska, drugix gorodov Rossii i Ukrainy, rukovoditeli obshchestvennyx organizatsiy, deputaty oblastnyx sovetov, jurnalisty.
openwebdoc_7	Tatʼyana Poloskova TATʼYaNA POLOSKOVA: PARTIYa YaNUKOVIChA BOLʼShE NE SMOJET "RAZVODITʼ LOXOV" NA DRUJBE S ROSSIyEY Ukrainskiye eksperty i predstaviteli obshchestvennyx organizatsiy, s kotorymi ya besedovala v xode nedavney poyezdki po gorodam Vostochnoy Ukrainy, gde prinimala uchastiye v serii nauchnyx i informatsionnyx meropriyatiy, otmechali, chto "sverxu" uje davno spushcheny ukazaniya, skolʼko protsentov Partiya regionov doljna poluchitʼ na mestax. I, skoreye vsego, imenno eti rezulʼtaty i budut ozvucheny. Nezavisimo ot togo, kakoy protsent realʼno naberet Partiya regionov. Te rezulʼtaty, kotoryye pozvolyat kandidatam ot Partii regionov derjatʼ v Verxovnoy Rade "kontrolʼnyy paket aktsiy" i prodoljatʼ provoditʼ politiku v interesax uzkoy gruppy lits, kotoryx narod Ukrainy laskovo imenuyet "gopniki"
openwebdoc_8	Tatʼyana Poloskova "EDINYY DONBASS" OBʼEDINIT ROSSIYSKIX I UKRAINSKIX OBShchESTVENNIKOV "V blijaysheye vremya budet sozdana pervaya rossiysko-ukrainskaya molodejnaya organizatsiya "Edinyy Donbass", kotoraya obʼedinit storonnikov yevraziyskoy idei v dvux slavyanskix gosudarstvax" - ob etom v svoyem doklade zayavil v xode kruglogo stola "Rolʼ obshchestvennyx organizatsiy (dvijeniy) v sozdanii yEvraziyskogo Soyuza" Anton Bredixin (koordinator dvijeniya "Donbass za yEvraziyskiy Soyuz", aktivnyy uchastnik "Internatsionalʼnoy Rossii") 9 iyunya v Luganske. "Za 6 mesyatsev tovarooborot mejdu Luganskoy i Rostovskoy oblastʼyu uvelichilsya na 34%. Napomnyu, eto yevroregion Donbass. Tak pochemu ne sozdatʼ globalʼnyy soyuz? Polojitelʼnyy regionalʼnyy opyt uje yestʼ", - schitayet Anton Bredixin.
openwebdoc_9	Tatʼyana Poloskova KOSAChEV PYTAyETSYa POXORONITʼ NARODNYY FRONT V 1982 godu v Komitete gosudarstvennoy bezopasnosti SSSR vyshel lyubopytnyy dokument dlya vnutrennego polʼzovaniya, v kotorom trebovalosʼ obratitʼ serʼezneysheye vnimaniye na profilaktiku i presecheniye faktov "proyavleniya i propagandy elitarnosti". Prejde vsego, rechʼ shla o t.n. sovetskoy "zolotoy molodeji" - detey i vnukov predstaviteley nomenklatury, o tex, kto v blijayshem budushchem doljen byl statʼ u rulya rukovodstva vnutrenney i vneshney politikoy strany. Lidery sovetskogo gosudarstva, prejde vsego sam Yuriy Vladimirovich Andropov, initsiirovavshiy etot dokument, prekrasno ponimali, chto strane nujny peremeny. No takje bylo ochevidno i to, chto eti peremeny doljny bytʼ na blago strany, a ne ispolʼzovany dlya oslableniya yeye moshchi, razmyvaniya natsionalʼnogo samosoznaniya, lichnogo obogashcheniya uzkoy gruppy lits.
openwebdoc_10	Fond sotrudnichestva so stranami Latinskoy Ameriki "OKA" Tatʼyana Poloskova Permskiy gosudarstvennyy natsionalʼnyy issledovatelʼskiy universitet (do 2011 PGU) - Permʼ, Permskiy kray, Russian Federation (1979 - 1984) Diplomaticheskaya akademiya MID Rossii - Moskva, Moskva i Moskovskaya oblastʼ, Russian Federation (1993 - 1995) Tatʼyana Poloskova 25 November 1961 inna_budapest russ_politics
openwebdoc_11	inna_budapest 26 April Budapest, Hungary inna_budapest@livejournal.com Tatʼyana Poloskova
Rossiyskiy natsionalʼnyy issledovatelʼskiy meditsinskiy universitet imeni N. I. Pirogova - Moskva, Moskva i Moskovskaya oblastʼ, Russian Federation Jila i rabotala v Moskve, posledniye gody s semʼyoy vremenno projivayu v Budapeshte. Grajdanka Rossii. "Besy", "Voyna i mir", "Doktor Jivago", "Jiznʼ Klima Samgina", "Razoblachyonnaya Izida", "Tixiy Don", metal, rock., Bulgakov, Vernadskiy, Impressionisty, Kino "Brilliantovaya ruka", Kino "Postoronnim vxod vospreshchyon", Opera, Pelevin, Pratchett, Pushkin, Umberto Eko, vyshivatʼ, vyazatʼ, gotovitʼ, konservirovatʼ, lyubitelʼskiy fri-dayving, snorkling, sobiratʼ rakushki, staryye veshchi restavrirovatʼ, shitʼ 000cosm, 00elen, 0na_samaya, 12zx, 1504, 1538, 19viv69, 1jizn, 333777999, 3ojlotou, 4250, 63_dimon, 7slov, 845_a, 8bitka, 8im, 999allan999, a_kirsh, a_ko4evnik, a_round_loaf, abc1918, abra_akbar, abrikosowa, acroba1, admiring_poet, advisor000, agf1967, agro_val, air_zach, akhceloo, aksanova, akuramazda, akvalang58, al_ndr_i, alanol09, albor_78, aleks_aberdin, alekseyryabtsev, alekseysc, alena_kotovich, alena_moda, alex195130, alex_9591, alex_der_erste, alex_mantana, alex_samarkin, alex_stepnov, alexander_kuzin, alexandr_palkin, alexey_zyryanov, alexmonc, alexnumis, algis_koenig, alikosun, alina_lina7, alis9, alisa_mileeva, alkonawt, all_most_angel, all_radio, almanayhus, altituda, alvandimaertis, alvarorecoba20, amaranta_mara, an_kebbel, analitic, analitick_nik, anapavsys, anasta_lipka, anastgal, anaverbin, andreas_pet, andrei_kovrin, andrew_shad, andrew_volodin, andrewshell, andrey_che, andrey_plyasov, andrey_yarovy, andreysmagin010, androidshch, angevine_russe, aniskin1968, anna343434, anna_sagaydak, anngol, anntre, annutta_12, anonimusi, anshp, anthony_martyn, antimaidan_com, antisemit_ru, anton_i_masha, antonisakov, antre_kot_69, apolinariss, aquarrus, arbuzov commentator2012, gotovim_vmeste1, marishkaru, moe_het, moe_net, regional_news, travel_society, your_food_today, znaem_otvet 1novosti2mysli, commentator2012, gotovim_vmeste1, lgbt_grani, marishkaru, moe_het, moe_net, regional_news, travel_society, your_food_today, znaem_otvet
openwebdoc_12	Tatʼyana Poloskova: skoro etot bardak zakonchitsya (19) V preddverii svoyego vizita v Latviyu doktor politicheskix nauk, ekspert po problemam russkoy zarubejnoy diaspory Tatʼyana Viktorovna Poloskova dala eksklyuzivnoye intervʼyu portalu BaltijaLV.lv.- Tatʼyana Viktorovna, vy - izvestnyy ekspert v oblasti zarubejnoy rossiyskoy diaspory. Kak by vy oxarakterizovali nyneshneye polojeniye del v oblasti formirovaniya zarubejnyx diaspor sootechestvennikov - i, sootvetstvenno, dostoinstva i nedostatki nyneshney situatsii?T.P.: Chestno govorya, ya voobshche ne ponimayu, kak diasporu mojno «sformirovatʼ»?  Diasporalʼnoye dvijeniye – eto, prejde vsego,  initsiativa snizu, eto volya yego uchastnikov, opirayushchayasya na vnutrenneye samofinansirovaniye i nalichiye realʼnyx liderov, s kotorymi vynujdeny schitatʼsya organy vlasti i v metropolii, i v strane projivaniya. Sformirovatʼ iskusstvenno eto nevozmojno.Vse ostalʼnoye – eto profanatsiya, kotoraya zatuxnet,  kak tolʼko prekratitsya eta t.n. podderjka. Seychas situatsiya slojilasʼ tak, chto imenno  aktivnaya chastʼ sootechestvennikov, rabotayushchaya na entuziazme i vkladyvayushchaya svoy lichnyy resurs, v tom chisle i materialʼnyy,  kak pravilo, ne vklyuchena v finansirovaniye so storony rossiyskix struktur. Ne predstavlena ona i v t.n. «koordinatsionnyx sovetax» pri rosposolʼstvax.  Aktivnyx i samodostatochnyx lyudey opasayutsya potomu, chto oni ne pozvolyat zastavitʼ ix v otchetnom dokumente postavitʼ druguyu tsifru, oni ne budut zanimatʼsya tem, chto pretit ix ubejdeniyam. Da, situatsiya takova, chto 90 protsentov aktivnoy chasti sootechestvennikov naxoditsya seychas vne gosudarstvennoy politiki Rossiyskoy Federatsii i vne yeye struktur. Xotya sredstva na eto pushcheny nemalyye. yEsli, kak govoryat lidery KS, oni eti sredstva ne vidyat, znachit, tratyat ix rossiyskiye posolʼstva na inyye nujdy. V 2009 godu struktury MVD Rossii, prizvannyye borotʼsya s korruptsiyey v vysshix eshelonax vlasti, byli vesʼma ozadacheny, uznav, chto rossiyskiye posolʼstva otchityvayutsya ne po obshcherossiyskomu zakonodatelʼstvu, a po…vnutrivedomstvennoy instruktsii.  Prichem, ne tolʼko za «sootechestvennuyu» statʼyu. Isxodya iz etogo ponyatno, pochemu u nekotoryx rossiyskix poslov poyavlyayutsya «xatynki» v stranax ix prebyvaniya, navorochennyye mashinki. A koye-kto…  voobshche ostayetsya posle okonchaniya komandirovki na PMJ po mestu posledney raboty, v tom chisle i v stranax NATO. Isxodya iz etix «rezulʼtatov», deystvitelʼno  gotovyatsya serʼeznyye izmeneniya v samoy  sisteme vzaimodeystviya s  rossiyskoy diasporoy za rubejom. yEsli vesti rechʼ o Latvii, to glavnym «itogom» usiliy otvetstvennyx struktur na «sootechestvennoy» nive yavlyayetsya polojeniye polnogo bespraviya, v kakom naxoditsya seychas russkoyazychnoye naseleniye zdesʼ. A posle togo, kak zashchitniki natsistov stali yeshche i ruki raspuskatʼ (imeyutsya v vidu sobytiya 16 marta - red.), a ni pravooxranitelʼnyye organy Latvii, ni rossiyskiye vlasti ne mogut datʼ etomu adekvatnyy otpor…- V svyazi s etim ne mogu ne kosnutʼsya bolʼnogo voprosa. Posle vashix publikatsiy o tom, chto nekotoroye kolichestvo "shtatnyx sootechestvennikov" yavlyayetsya osvedomitelyami mestnyx spetsslujb, koye-kakiye "goryachiye golovy" pospeshili rasprostranitʼ vestʼ o tom, chto yakoby stroynoye dvijeniye sootechestvennikov za rubejom raskalyvayut te samyye rossiyskiye spetsialisty, kto po ideye doljen etu «sootechestvennuyu» rabotu koordinirovatʼ…T.P.:  Ya ne znayu ni odnogo rossiyskogo eksperta,  kotoromu kto-to poruchil koordinirovatʼ rabotu s sootechestvennikami. Ekspertnyy sovet pri Pravitelʼstvennoy komissii po delam sootechestvennikov za rubejom davno ne rabotayet. Posle togo, kak na dannoye napravleniye byli napravleny serʼeznyye summy,  koye-kto v MID RF schel, chto «denʼgi lyubyat tishinu».Chto kasayetsya nalichiya v «stroynyx ryadax» sootechestvennyx liderov lits, imeyushchix kontakty s organami mestnoy gosbezopasnosti, to eto ne mneniye ekspertov, a mneniye, kotoroye sushchestvuyet v rossiyskix koridorax vlasti. I ne mneniye, a pozitsiya, opirayushchayasya na realʼnyye fakty, kotoraya skoro primet i xarakter konkretnyx resheniy. Ne nado sotrudnikov rossiyskix vneshnepoliticheskix vedomstv schitatʼ kretinami i diletantami, kotoryye ne znayut, kto yestʼ kto v russkom zarubejʼe.I chto interesno. Ostruyu reaktsiyu eto vyzvalo tolʼko v Latvii i bolʼshe nigde. Varianta dva - libo eta informatsiya kogo-to ochenʼ bolʼno zadela, a istochnikov doxoda, krome kak prikidyvatʼsya «predannym» sootechestvennikom, net, libo organy gosbezopasnosti zdesʼ myshey ne lovyat. Na chto toje ne poxoje.Moi publikatsii po dannomu voprosu yavlyayutsya signalom dlya pervoy kategorii, chto skoro etot bardak zakonchitsya. Rukovodstvo Rossii nachalo serʼezno zakruchivatʼ gayki vnutri strany v sfere kontrolya za gosudarstvennymi finansovymi potokami, i nado jdatʼ ujestocheniya kontrolya za realizatsiyey finansovoy politiki vne yeye. A vremya  pokajet. I dovolʼno skoro.- Kakiye vyvody iz etoy situatsii nado delatʼ nam - prostym rossiyskim sootechestvennikam, neprichastnym k "myshinym voynam" sredi professionalʼnyx ZOOtechestvennikov? I k chemu vy predlagayete gotovitʼsya? T.P.: Nado jdatʼ pozitivnyx izmeneniy v vystraivanii rossiyskoy sootechestvennoy politiki. Ne nado dumatʼ, chto kritika proisxodyashchego na etoy ploshchadke ne doxodit do rukovodstva strany. Krayne negativnoye vpechatleniye proizvel i prosmotrennyy v Administratsii Prezidenta RF rolik s zapisʼyu poslednego Vsemirnogo Kongressa sootechestvennikov. No sootechestvennikam nado i samim ukreplyatʼ finansovuyu samodostatochnostʼ svoix organizatsiy. I vy, i my jivem pri kapitalizme, gde bez deneg nichego ne reshishʼ. Moya deyatelʼnostʼ v posledniye gody svyazana s proyektami v stranax Latinskoy Ameriki, gde levyye dvijeniya, pravozashchitnyye organizatsii imeyut davniye i prochnyye traditsii. Ne tolʼko rukovodstvo Venesuely  finansiruyet  antiglobalistskiye dvijeniya  v zarubejnyx stranax. A poskolʼku sootechestvennoye dvijeniye napravleno protiv etnokratii, to vpolne realʼno nayti resurs dlya finansovoy podderjki ne tolʼko v Rossii, i v stranax yES. Prichem ne tolʼko realʼno, no i gorazdo boleye veroyatno.- Tatʼyana Viktorovna, v posledneye vremya Riga perejivayet bukvalʼno kakoy-to naplyv ekspertov, spetsialistov i prosto "vliyatelʼnyx lyudey" iz Rossii. Mnogiye storonniki "teorii zagovora" poschitali, chto eto nesprosta. A posle poyavleniya informatsii o vashem vizite v Latviyu nekotoryye eksperty sdelali vyvody, chto vy chutʼ li ne s inspektsiyey yedete - proveritʼ sostoyaniye del v russkoy obshchine Latvii - i kak ta Soroka-Vorona iz detskoy schitalki, izlojitʼ MIDu RF svoi vyvody naschet raspredeleniya finansov: "Etomu davatʼ, etomu ne davatʼ"...T.P.: Ne znayu, zachem oni k vam yezdyat. Eto ix nado sprositʼ. U menya povodov dlya poyezdki neskolʼko: vozglavlyayemyy mnoy Fond planiruyet osenʼyu provesti v stranax Pribaltiki vystavku  «Xramy Permskogo kraya», posvyashchennuyu pamyati moyego pradeda – protoiyereya Yakova Ugolʼnikova, postradavshego za veru v 1937 godu.Krome etogo, moy Fond gotovit pokaz dokumentalʼnogo filʼma «Proryv», posvyashchennogo podvigu baltiyskix moryakov, v mayskiye prazdniki v gorodax Rossii i v techeniye 2013 goda v stranax dalʼnego zarubejʼya. K primeru, aktivno otkliknulisʼ nashi sootechestvenniki iz argentinskogo goroda Mar-delʼ-Plata, gde regulyarno na 9 maya orkestr VVS Argentiny ustraivayet kontsert, posvyashchennyy Dnyu Pobedy. A 23 marta ya primu uchastiye v Kongresse negrajdan v Rige.Seychas deystvitelʼno provoditsya monitoring po zakazu ofitsialʼnyx struktur Rossii, v Vostochnoy yEvrope o rezulʼtatax politiki v otnoshenii sootechestvennikov za vesʼ period yeye realizatsii. I ya imeyu otnosheniye k etomu proyektu. Konechno, vpechatleniya ot poyezdki v Rigu - i ot vstrech s predstavitelyami obshchestvennyx organizatsiy - lyagut v osnovu ne tolʼko obshchego otchetnogo doklada, no i knigi, kotoraya budet izdana po yego rezulʼtatam. I, ne skroyu, mne ochenʼ xotelosʼ posetitʼ mesta, gde nachinalasʼ moya karʼera eksperta i obshchestvennogo deyatelya, pered predstoyashchim otʼezdom v dlitelʼnuyu zagrankomandirovku v Latinskuyu Ameriku, gde ya budu predstavlyatʼ interesy krupnoy rossiyskoy kompanii. Na snimke: Tatʼyana Poloskova i Geroy Kuby, pervyy kubinskiy  kosmonavt Arnalʼdo Tamayo Mendes. Gavana. Tatʼyana Poloskova
openwebdoc_13	Tatʼyana Poloskova. Kto i zachem nachal voynu protiv prezidenta Argentiny? Kollaj IA REGNUM
Na etoy nedele v Argentine nachalisʼ mnogotysyachnyye aktsii protesta. Protestuyushchiye trebuyut, chtoby Prezident strany Kristina Kirshner dosrochno slojila polnomochiya.Massovaya manifestatsiya proshla 13 noyabrya v tsentre Buenos-Ayresa po izvestnomu yeshche so vremen perevorota v Chili stsenariyu: jenshchiny bili v kastryuli, tolpa skandirovala: «Kristinu Kirshner — v otstavku!» Tolʼko chto zakonchilasʼ dvuxdnevnaya zabastovka bankovskix slujashchix, paralizovavshaya finansovuyu jiznʼ v strane. Aktsii protesta proveli uchitelya provintsii Buenos-Ayres.Obʼektivnyye prichiny dlya proyavleniya nedovolʼstva yestʼ: inflyatsiya sostavlyayet boleye 20 protsentov, v strane nablyudayetsya rost ulichnoy prestupnosti. Spravedlivosti radi otmetim, chto Buenos-Ayres, i do prixoda k vlasti K. Kirshner, mojno bylo nazvatʼ «bezopasnoy stolitsey» tolʼko otnositelʼno, v sravnenii s Bogotoy ili Karakasom.Chto kasayetsya urovnya korruptsii. to v stranax Latinskoy Ameriki on vsegda vysok. Vsplesk negativnyx emotsiy u argentintsev vyzvalo to. chto v svoyem nedavnem otchete Mejdunarodnaya nepravitelʼstvennaya organizatsiya «Transparency International» nazvala Argentinu «samoy korrumpirovannoy stranoy v Latinskoy Amerike», naryadu s Meksikoy. Odnako, eta je obshchestvennaya organizatsiya, nazvala neskolʼko let nazad provedeniye nezavisimogo audita deyatelʼnosti pravitelʼstva Yulii Timoshenko «oxotoy na vedʼm». Otmetim. chto za god do etix sobytiy Transparency International v svoix otchetax sama zayavlyala o vysokom urovne korruptsii v pravitelʼstve Yulii Timoshenko.Tem ne meneye, nesmotrya na kritichnostʼ situatsii, argentinskiye eksperty ne yediny v svoix otsenkax. Pravoye argentinskoye izdaniye La Nacion pishet, k primeru. chto tolʼko vybory novogo Prezidenta v 2015 godu polojat konets negativnym tendentsiyam v ekonomike strany, sredi kotoryx nazyvayet i kriticheskiy rost bezrabotitsy v strane, A kak otmechayet Xuan Luis Bur, glavnyy ekonomist Fiel, kolichestvo uvolʼneniy poka ne dostiglo rekordnogo urovnya 2009 goda i nadejda na snijeniye urovnya bezrabotitsy yestʼ (libreprensa.com).Kristina Kirshner dvajdy izbralasʼ Prezidentom Argentiny. Za period naxojdeniya u vlasti ona usilila gosudarstvennyy kontrolʼ nad ekonomikoy. Pervyye massovyye aktsii protesta s trebovaniyem otpravitʼ Kirshner v otstavku nachalisʼ kak raz posle togo, kogda ona ogranichila svobodnoye xojdeniye dollara v strane i vvela kontrolʼ za obmenom valyut.Kristina Kirshner stala vozvrashchatʼ pod kontrolʼ gosudarstva strategicheskiye obʼekty i predpriyatiya, kotoryye byli privatizirovany v 90-e gody pri Prezidente Karlose Meneme, o kotorom prostoye naseleniye Argentiny v te gody otzyvalosʼ odnoznachno: «V meshok — i v okean»! Pravitelʼstvo Argentiny razrabotalo i prinyalo novyy zakon o SMI. kotoryy byl napravlen protiv monopolii i pooshchryal konkurentsiyu, chto vyzvalo rezkoye negodovaniye pravyx izdaniy, takix kak «Clarin». V SShA Kristinu tut je nazvali «chavistkoy» (storonnitsey Ugo Chavesa) i obvinili v pokushenii na prava sredstv massovoy informatsii.Kristina Kirshner vesnoy 2014 goda podvergla rezkoy kritike rukovodstvo SShA i Velikobritanii za politiku «dvoynyx standartov» po otnosheniyu k Krymu i Malʼvinskim (Folklendskim) ostrovam i vystupila protiv vvedeniya ekonomicheskix sanktsiy po otnosheniyu k Rossii. I. nakonets, itogi nedavnego vizita Prezidenta Rossii Vladimira Putina v Argentinu ubeditelʼno demonstriruyut, chto nashi strany stanovyatsya strategicheskimi partnerami.Tak kto i za chto pytayetsya ubratʼ Kristinu Kirshner, ispolʼzuya ekonomicheskiye trudnosti v Argentine?Tatʼyana Poloskova — doktor politicheskix nauk, shef-redaktor redaktsii Latinskoy Ameriki IA REGNUM Tatʼyana Poloskova
openwebdoc_14	Kto i zachem nachal voynu protiv prezidenta Argentiny? VAShINGTON, 15 noyabrya 2014, 17:12 — REGNUM  Na etoy nedele v Argentine nachalisʼ mnogotysyachnyye aktsii protesta. Protestuyushchiye trebuyut, chtoby Prezident strany Kristina Kirshner dosrochno slojila polnomochiya.Massovaya manifestatsiya proshla 13 noyabrya v tsentre Buenos-Ayresa po izvestnomu yeshche so vremen perevorota v Chili stsenariyu: jenshchiny bili v kastryuli, tolpa skandirovala: «Kristinu Kirshner — v otstavku!» Tolʼko chto zakonchilasʼ dvuxdnevnaya zabastovka bankovskix slujashchix, paralizovavshaya finansovuyu jiznʼ v strane. Aktsii protesta proveli uchitelya provintsii Buenos-Ayres.Obʼektivnyye prichiny dlya proyavleniya nedovolʼstva yestʼ: inflyatsiya sostavlyayet boleye 20 protsentov, v strane nablyudayetsya rost ulichnoy prestupnosti. Spravedlivosti radi otmetim, chto Buenos-Ayres, i do prixoda k vlasti K. Kirshner, mojno bylo nazvatʼ «bezopasnoy stolitsey» tolʼko otnositelʼno, v sravnenii s Bogotoy ili Karakasom.Chto kasayetsya urovnya korruptsii. to v stranax Latinskoy Ameriki on vsegda vysok. Vsplesk negativnyx emotsiy u argentintsev vyzvalo to. chto v svoyem nedavnem otchete Mejdunarodnaya nepravitelʼstvennaya organizatsiya «Transparency International» nazvala Argentinu «samoy korrumpirovannoy stranoy v Latinskoy Amerike», naryadu s Meksikoy. Odnako, eta je obshchestvennaya organizatsiya, nazvala neskolʼko let nazad provedeniye nezavisimogo audita deyatelʼnosti pravitelʼstva Yulii Timoshenko «oxotoy na vedʼm». Otmetim. chto za god do etix sobytiy Transparency International v svoix otchetax sama zayavlyala o vysokom urovne korruptsii v pravitelʼstve Yulii Timoshenko.Tem ne meneye, nesmotrya na kritichnostʼ situatsii, argentinskiye eksperty ne yediny v svoix otsenkax. Pravoye argentinskoye izdaniye La Nacion pishet, k primeru. chto tolʼko vybory novogo Prezidenta v 2015 godu polojat konets negativnym tendentsiyam v ekonomike strany, sredi kotoryx nazyvayet i kriticheskiy rost bezrabotitsy v strane, A kak otmechayet Xuan Luis Bur, glavnyy ekonomist Fiel, kolichestvo uvolʼneniy poka ne dostiglo rekordnogo urovnya 2009 goda i nadejda na snijeniye urovnya bezrabotitsy yestʼ (libreprensa.com).Kristina Kirshner dvajdy izbralasʼ Prezidentom Argentiny. Za period naxojdeniya u vlasti ona usilila gosudarstvennyy kontrolʼ nad ekonomikoy. Pervyye massovyye aktsii protesta s trebovaniyem otpravitʼ Kirshner v otstavku nachalisʼ kak raz posle togo, kogda ona ogranichila svobodnoye xojdeniye dollara v strane i vvela kontrolʼ za obmenom valyut.Kristina Kirshner stala vozvrashchatʼ pod kontrolʼ gosudarstva strategicheskiye obʼekty i predpriyatiya, kotoryye byli privatizirovany v 90-e gody pri Prezidente Karlose Meneme, o kotorom prostoye naseleniye Argentiny v te gody otzyvalosʼ odnoznachno: «V meshok — i v okean»! Pravitelʼstvo Argentiny razrabotalo i prinyalo novyy zakon o SMI. kotoryy byl napravlen protiv monopolii i pooshchryal konkurentsiyu, chto vyzvalo rezkoye negodovaniye pravyx izdaniy, takix kak «Clarin». V SShA Kristinu tut je nazvali «chavistkoy» (storonnitsey Ugo Chavesa) i obvinili v pokushenii na prava sredstv massovoy informatsii.Kristina Kirshner vesnoy 2014 goda podvergla rezkoy kritike rukovodstvo SShA i Velikobritanii za politiku «dvoynyx standartov» po otnosheniyu k Krymu i Malʼvinskim (Folklendskim) ostrovam i vystupila protiv vvedeniya ekonomicheskix sanktsiy po otnosheniyu k Rossii. I. nakonets, itogi nedavnego vizita Prezidenta Rossii Vladimira Putina v Argentinu ubeditelʼno demonstriruyut, chto nashi strany stanovyatsya strategicheskimi partnerami.Tak kto i za chto pytayetsya ubratʼ Kristinu Kirshner, ispolʼzuya ekonomicheskiye trudnosti v Argentine? Tatʼyana Poloskova
openwebdoc_15	«Vesyolyy» port: na kakix usloviyax SShA otmenyat blokadu Kuby? Za kakoy indulʼgentsiyey priletela v SShA prezident Brazilii? Vasvi Abduraimov: «U krymskix tatar drugogo vybora ne bylo i net» Kolumbiya: mirnyy protsess ili konflikt narkokarteley? Triumf Kitaya i ochenʼ myagkaya «sila» Rossii v Latinskoy Amerike Ubiystva studentov i politicheskiye obeshchaniya prezidenta Chili Dobʼyotsya li Paragvay priznaniya genotsida, organizovannogo Velikobritaniyey? Lidery stran Latinskoy Ameriki vedut privychnuyu mnogostoronnyuyu igru Rossiya i Latinskaya Amerika: igra vslepuyu Rossiya v Argentine: otkliki Onkologiya i klyatva Gippokrata v Rossii: chto proisxodit? Panama-2: chto nado znatʼ ob alʼternative Panamskomu kanalu Novaya Kuba vybirayet kitayskuyu modelʼ Kuba slishkom tsenna dlya nas, chtoby Rossiya snova ushla ottuda Che Gevara skazal: «Amerikantsev nelʼzya puskatʼ daje na malenʼkiy kusochek palʼtsa»: Intervʼ Kto kogo ubivayet v Argentine? Chto ob etom znayet Rossiya? Udar v geopoliticheskiy tyl: Kitay posylayet signal SShA Nachalo kontsa: Kuba poshla putyom gorbachyovskogo SSSR… Rossiya «gluboko udovletvorena» Narkobiznes Meksiki nachal sponsirovatʼ «prosveshcheniye mass» v Rossii Rossiyskiy gosudarstvennyy propagandist — protiv soyuznika Rossii v Brazilii Kto i zachem nachal voynu protiv prezidenta Argentiny? Pochemu posolʼstvo Rossii ne xochet pomochʼ svyashchenniku RPTs? Katastrofa ryadom: SShA yedva ne izgnali BRIKS iz Latinskoy Ameriki Tatʼyana Poloskova
openwebdocs_16	«Vesyolyy» port: na kakix usloviyax SShA otmenyat blokadu Kuby? Za kakoy indulʼgentsiyey priletela v SShA prezident Brazilii? Vasvi Abduraimov: «U krymskix tatar drugogo vybora ne bylo i net» Kolumbiya: mirnyy protsess ili konflikt narkokarteley? Triumf Kitaya i ochenʼ myagkaya «sila» Rossii v Latinskoy Amerike Ubiystva studentov i politicheskiye obeshchaniya prezidenta Chili Dobʼyotsya li Paragvay priznaniya genotsida, organizovannogo Velikobritaniyey? Lidery stran Latinskoy Ameriki vedut privychnuyu mnogostoronnyuyu igru Rossiya i Latinskaya Amerika: igra vslepuyu Rossiya v Argentine: otkliki Onkologiya i klyatva Gippokrata v Rossii: chto proisxodit? Panama-2: chto nado znatʼ ob alʼternative Panamskomu kanalu Novaya Kuba vybirayet kitayskuyu modelʼ Kuba slishkom tsenna dlya nas, chtoby Rossiya snova ushla ottuda Che Gevara skazal: «Amerikantsev nelʼzya puskatʼ daje na malenʼkiy kusochek palʼtsa»: Intervʼ Kto kogo ubivayet v Argentine? Chto ob etom znayet Rossiya? Udar v geopoliticheskiy tyl: Kitay posylayet signal SShA Nachalo kontsa: Kuba poshla putyom gorbachyovskogo SSSR… Rossiya «gluboko udovletvorena» Narkobiznes Meksiki nachal sponsirovatʼ «prosveshcheniye mass» v Rossii Rossiyskiy gosudarstvennyy propagandist — protiv soyuznika Rossii v Brazilii Kto i zachem nachal voynu protiv prezidenta Argentiny? Pochemu posolʼstvo Rossii ne xochet pomochʼ svyashchenniku RPTs? Katastrofa ryadom: SShA yedva ne izgnali BRIKS iz Latinskoy Ameriki Tatʼyana Poloskova
