4045510	Amchitka	AmchitkaState
4046270	East Fresnos Colonia	East State
4046348	Ignacio Perez Colonia	CST State
4046350	Inwood	GJGG
4046351	Bazemore	HJKHKHKJ
4046359	Bayside	HillsideSi
4046363	Beach Grove	Grovely
4046688	Duty	Grovely
4046690	Eton Hill	Grovely
4046694	Fairlee	Grovely
4046704	Fort Hunt	Grovely
4046708	Franks Mill	Grovely
4046712	Genito	Grovely
4046714	Gibson Mill	Grovely
4046724	Grant	Grovely
4046728	Green Bay	Grovely
4046730	Guinea	Grovely
4046734	Hallwood	Grovely
4046744	Hickory Run	Grovely
4046754	Hume	Grovely
4046760	Jack	Grovely
4046778	Lauraville	Grovely
4046792	Lodi	Grovely
4046794	Long Branch	Grovely
4046798	Lynnwood	Grovely

