4045510	city:amchit	city:mchitk	city:chitka	state:AMCHITKASTATE
4046270	city:east f	city:ast fr	city:st fre	city:t fres	city: fresn	city:fresno	city:resnos	city:esnos 	city:snos c	city:nos co	city:os col	city:s colo	city: colon	city:coloni	city:olonia	state:EAST	state:STATE
4046348	city:ignaci	city:gnacio	city:nacio 	city:acio p	city:cio pe	city:io per	city:o pere	city: perez	city:perez 	city:erez c	city:rez co	city:ez col	city:z colo	city: colon	city:coloni	city:olonia	state:CST	state:STATE
4046350	city:inwood	state:GJGG
4046351	city:bazemo	city:azemor	city:zemore	state:HJKHKHKJ
4046359	city:baysid	city:ayside	state:HILLSIDESI
4046363	city:beach 	city:each g	city:ach gr	city:ch gro	city:h grov	city: grove	state:GROVELY
4046688	city:duty	state:GROVELY
4046690	city:eton h	city:ton hi	city:on hil	city:n hill	state:GROVELY
4046694	city:fairle	city:airlee	state:GROVELY
4046704	city:fort h	city:ort hu	city:rt hun	city:t hunt	state:GROVELY
4046708	city:franks	city:ranks 	city:anks m	city:nks mi	city:ks mil	city:s mill	state:GROVELY
4046712	city:genito	state:GROVELY
4046714	city:gibson	city:ibson 	city:bson m	city:son mi	city:on mil	city:n mill	state:GROVELY
4046724	city:grant	state:GROVELY
4046728	city:green 	city:reen b	city:een ba	city:en bay	state:GROVELY
4046730	city:guinea	state:GROVELY
4046734	city:hallwo	city:allwoo	city:llwood	state:GROVELY
4046744	city:hickor	city:ickory	city:ckory 	city:kory r	city:ory ru	city:ry run	state:GROVELY
4046754	city:hume	state:GROVELY
4046760	city:jack	state:GROVELY
4046778	city:laurav	city:auravi	city:uravil	city:ravill	city:aville	state:GROVELY
4046792	city:lodi	state:GROVELY
4046794	city:long b	city:ong br	city:ng bra	city:g bran	city: branc	city:branch	state:GROVELY
4046798	city:lynnwo	city:ynnwoo	city:nnwood	state:GROVELY
	
